{
  "loss": [
    3.0954277515411377,
    2.833824396133423,
    2.6320502758026123,
    2.391723871231079,
    2.299960136413574,
    2.175673484802246,
    2.0348219871520996,
    2.0456674098968506,
    1.9199773073196411,
    1.919472098350525,
    1.8254797458648682,
    1.7767382860183716,
    1.7708898782730103,
    1.6870994567871094,
    1.6626399755477905,
    1.6704974174499512,
    1.6594821214675903,
    1.5984667539596558,
    1.6700464487075806,
    1.5835520029067993
  ],
  "sparse_categorical_accuracy": [
    0.3765973448753357,
    0.45301929116249084,
    0.5452267527580261,
    0.6231520771980286,
    0.6502130031585693,
    0.6772738695144653,
    0.7161112427711487,
    0.7126033306121826,
    0.7351540923118591,
    0.7469305992126465,
    0.7689802050590515,
    0.7822600603103638,
    0.7817589640617371,
    0.8118265867233276,
    0.8113254904747009,
    0.8098220825195312,
    0.8210974931716919,
    0.8316211700439453,
    0.8068153262138367,
    0.8356301784515381
  ],
  "val_loss": [
    262896927899648.0,
    213565603840.0,
    5.152506972129662e+21,
    1689572224.0,
    23751483392.0,
    453177248.0,
    8.785518646240234,
    87487368.0,
    2.787128448486328,
    2621098281664512.0,
    20947.5546875,
    2792.040283203125,
    6465792770048.0,
    747991203840.0,
    28759289856.0,
    104081897029632.0,
    1.9477943318929736e+18,
    10029092569088.0,
    1166485066088448.0,
    9558922240.0
  ],
  "val_sparse_categorical_accuracy": [
    0.3601321578025818,
    0.303964763879776,
    0.4229075014591217,
    0.5539647340774536,
    0.607929527759552,
    0.6629955768585205,
    0.1189427301287651,
    0.6872246861457825,
    0.48458150029182434,
    0.7147576808929443,
    0.7048457860946655,
    0.7830396294593811,
    0.75,
    0.808370053768158,
    0.8370044231414795,
    0.8292951583862305,
    0.7588105797767639,
    0.8127753138542175,
    0.6123347878456116,
    0.7059471607208252
  ]
}